{
    "music_disc.fallen_kingdom": {
        "sounds": [
            {
                "name": "ancient_songs:records/fallen_kingdom",
                "stream": true
            }
        ]
    },
    "music_disc.take_back_the_night": {
        "sounds": [
            {
                "name": "ancient_songs:records/take_back_the_night",
                "stream": true
            }
        ]
    },
    "music_disc.rising_kingdom": {
        "sounds": [
            {
                "name": "ancient_songs:records/rising_kingdom",
                "stream": true
            }
        ]
    },
    "music_disc.dragonhearted": {
        "sounds": [
            {
                "name": "ancient_songs:records/dragonhearted",
                "stream": true
            }
        ]
    },
    "music_disc.find_the_pieces": {
        "sounds": [
            {
                "name": "ancient_songs:records/find_the_pieces",
                "stream": true
            }
        ]
    },
    "music_disc.tnt": {
        "sounds": [
            {
                "name": "ancient_songs:records/tnt",
                "stream": true
            }
        ]
    },
    "music_disc.revenge": {
        "sounds": [
            {
                "name": "ancient_songs:records/revenge",
                "stream": true
            }
        ]
    },
    "music_disc.dont_mine_at_night": {
        "sounds": [
            {
                "name": "ancient_songs:records/dont_mine_at_night",
                "stream": true
            }
        ]
    },
    "music_disc.the_miner": {
        "sounds": [
            {
                "name": "ancient_songs:records/the_miner",
                "stream": true
            }
        ]
    },
    "music_disc.screw_the_nether": {
        "sounds": [
            {
                "name": "ancient_songs:records/screw_the_nether",
                "stream": true
            }
        ]
    },
    "music_disc.diggy_diggy_hole": {
        "sounds": [
            {
                "name": "ancient_songs:records/diggy_diggy_hole",
                "stream": true
            }
        ]
    },
    "music_disc.how_do_i_craft_this_again": {
        "sounds": [
            {
                "name": "ancient_songs:records/how_do_i_craft_this_again",
                "stream": true
            }
        ]
    },
    "music_disc.this_is_my_biome": {
        "sounds": [
            {
                "name": "ancient_songs:records/this_is_my_biome",
                "stream": true
            }
        ]
    },
    "music_disc.minecraft_style": {
        "sounds": [
            {
                "name": "ancient_songs:records/minecraft_style",
                "stream": true
            }
        ]
    },
    "music_disc.moonquest": {
        "sounds": [
            {
                "name": "ancient_songs:records/moonquest",
                "stream": true
            }
        ]
    },
    "music_disc.mine_diamonds": {
        "sounds": [
            {
                "name": "ancient_songs:records/mine_diamonds",
                "stream": true
            }
        ]
    }
}