{
    "parent": "minecraft:item/template_music_disc",
    "textures": {
        "layer0": "minecraft:item/music_disc_cat"
    },
    "overrides": [
        {
            "predicate": {
                "custom_model_data": 3210001
            },
            "model": "ancient_songs:item/music_disc_fallen_kingdom"
        },
        {
            "predicate": {
                "custom_model_data": 3210002
            },
            "model": "jakes_jukebox:item/music_disc_long_live"
        },
        {
            "predicate": {
                "custom_model_data": 3210003
            },
            "model": "ancient_songs:item/music_disc_take_back_the_night"
        },
        {
            "predicate": {
                "custom_model_data": 3210004
            },
            "model": "ancient_songs:item/music_disc_rising_kingdom"
        },
        {
            "predicate": {
                "custom_model_data": 3210005
            },
            "model": "ancient_songs:item/music_disc_dragonhearted"
        },
        {
            "predicate": {
                "custom_model_data": 3210006
            },
            "model": "ancient_songs:item/music_disc_find_the_pieces"
        },
        {
            "predicate": {
                "custom_model_data": 3210007
            },
            "model": "ancient_songs:item/music_disc_tnt"
        },
        {
            "predicate": {
                "custom_model_data": 3210008
            },
            "model": "ancient_songs:item/music_disc_revenge"
        },
        {
            "predicate": {
                "custom_model_data": 3210009
            },
            "model": "ancient_songs:item/music_disc_dont_mine_at_night"
        },
        {
            "predicate": {
                "custom_model_data": 3210010
            },
            "model": "ancient_songs:item/music_disc_diggy_diggy_hole"
        },
        {
            "predicate": {
                "custom_model_data": 3210011
            },
            "model": "ancient_songs:item/music_disc_screw_the_nether"
        },
        {
            "predicate": {
                "custom_model_data": 3210012
            },
            "model": "ancient_songs:item/music_disc_the_miner"
        },
        {
            "predicate": {
                "custom_model_data": 3210013
            },
            "model": "ancient_songs:item/music_disc_how_do_i_craft_this_again"
        },
        {
            "predicate": {
                "custom_model_data": 3210014
            },
            "model": "ancient_songs:item/music_disc_this_is_my_biome"
        },
        {
            "predicate": {
                "custom_model_data": 3210015
            },
            "model": "ancient_songs:item/music_disc_minecraft_style"
        },
        {
            "predicate": {
                "custom_model_data": 3210016
            },
            "model": "ancient_songs:item/music_disc_moonquest"
        },
        {
            "predicate": {
                "custom_model_data": 3210017
            },
            "model": "ancient_songs:item/music_disc_mine_diamonds"
        },
        {
            "predicate": {
                "custom_model_data": 3210018
            },
            "model": "jakes_jukebox:item/music_disc_ravenwood_theme_classic"
        }
    ]
}