{
    "parent": "minecraft:item/template_music_disc",
    "textures": {
        "layer0": "minecraft:item/music_disc_cat"
    },
    "overrides": [
        {
            "predicate": {
                "custom_model_data": 3210001
            },
            "model": "jakes_jukebox:item/music_disc_fallen_kingdom"
        },
        {
            "predicate": {
                "custom_model_data": 3210002
            },
            "model": "jakes_jukebox:item/music_disc_long_live"
        }
    ]
}