{
    "music_disc.long_live": {
        "sounds": [
            {
                "name": "jakes_jukebox:records/long_live",
                "stream": true
            }
        ]
    },
    "music_disc.ravenwood_theme_classic": {
        "sounds": [
            {
                "name": "jakes_jukebox:records/ravenwood_theme_classic",
                "stream": true
            }
        ]
    },
    "music_disc.gigachad": {
        "sounds": [
            {
                "name": "jakes_jukebox:records/gigachad",
                "stream": true
            }
        ]
    },
    "music_disc.honeydewyeayea": {
        "sounds": [
            {
                "name": "jakes_jukebox:records/honeydewyeayea",
                "stream": true
            }
        ]
    }
}